"firstName","lastName","userName","userPrincipalName"
"John","Doe","jdoe","jdoe@manpreet.powershell.com"
"Jane","Smith","jsmith","jsmith@manpreet.powershell.com"
"Michael","Brown","mbrown","mbrown@manpreet.powershell.com"
"Emily","Davis","edavis","edavis@manpreet.powershell.com"
"David","Wilson","dwilson","dwilson@manpreet.powershell.com"
"Sarah","Taylor","staylor","staylor@manpreet.powershell.com"
"Chris","Anderson","canderson","canderson@manpreet.powershell.com"
"Laura","Thomas","lthomas","lthomas@manpreet.powershell.com"
"Daniel","White","dwhite","dwhite@manpreet.powershell.com"
"Olivia","Martin","omartin","omartin@manpreet.powershell.com"
